v1,v2
ham,See you at the office.
ham,See you at the office.
ham,Lunch at 1 PM?
ham,Lunch at 1 PM?
ham,Lunch at 1 PM?
ham,"Hey, are we still meeting today?"
spam,You are a lucky winner! Claim your prize.
ham,Let's catch up soon.
ham,Happy birthday! Have a great day.
ham,Don't forget to bring your notebook.
spam,Get cheap loans now. No credit check required.
ham,Let's catch up soon.
ham,Meeting is postponed to tomorrow.
ham,Good morning! How are you?
ham,Let's catch up soon.
ham,Happy birthday! Have a great day.
ham,Can you send me the report?
ham,I'll call you later.
ham,Lunch at 1 PM?
ham,Happy birthday! Have a great day.
ham,Good morning! How are you?
ham,Happy birthday! Have a great day.
ham,Happy birthday! Have a great day.
spam,Congratulations! You've won a $1000 gift card. Click here to claim.
ham,Can you send me the report?
ham,Let's catch up soon.
ham,Happy birthday! Have a great day.
ham,I'll call you later.
ham,"Hey, are we still meeting today?"
ham,Lunch at 1 PM?
spam,Exclusive offer! Buy 1 get 1 free. Limited time only.
ham,Happy birthday! Have a great day.
ham,Don't forget to bring your notebook.
spam,Get cheap loans now. No credit check required.
ham,Don't forget to bring your notebook.
ham,"Hey, are we still meeting today?"
spam,Exclusive offer! Buy 1 get 1 free. Limited time only.
ham,Good morning! How are you?
ham,Don't forget to bring your notebook.
ham,Good morning! How are you?
spam,Exclusive offer! Buy 1 get 1 free. Limited time only.
ham,See you at the office.
spam,Earn money from home. No experience needed.
spam,Win a brand new car! Text WIN to 12345.
ham,"Hey, are we still meeting today?"
spam,Earn money from home. No experience needed.
spam,Earn money from home. No experience needed.
ham,"Hey, are we still meeting today?"
ham,Can you send me the report?
spam,Get cheap loans now. No credit check required.
spam,Earn money from home. No experience needed.
ham,Lunch at 1 PM?
ham,I'll call you later.
ham,Lunch at 1 PM?
ham,Let's catch up soon.
spam,You have been selected for a free vacation. Call now!
ham,See you at the office.
ham,I'll call you later.
ham,I'll call you later.
ham,See you at the office.
ham,"Hey, are we still meeting today?"
ham,Can you send me the report?
ham,Good morning! How are you?
ham,Happy birthday! Have a great day.
ham,See you at the office.
spam,Win a brand new car! Text WIN to 12345.
ham,Can you send me the report?
ham,I'll call you later.
ham,Happy birthday! Have a great day.
ham,Happy birthday! Have a great day.
ham,Happy birthday! Have a great day.
ham,Lunch at 1 PM?
ham,"Hey, are we still meeting today?"
ham,Lunch at 1 PM?
spam,You are a lucky winner! Claim your prize.
ham,Meeting is postponed to tomorrow.
ham,Meeting is postponed to tomorrow.
ham,Let's catch up soon.
ham,Don't forget to bring your notebook.
ham,Don't forget to bring your notebook.
ham,"Hey, are we still meeting today?"
ham,Good morning! How are you?
ham,See you at the office.
spam,You have been selected for a free vacation. Call now!
ham,Meeting is postponed to tomorrow.
spam,"Your mobile number has won $500,000."
spam,URGENT! Your account has been compromised. Reply to secure.
ham,Can you send me the report?
ham,See you at the office.
ham,Lunch at 1 PM?
ham,Can you send me the report?
spam,Get cheap loans now. No credit check required.
ham,Don't forget to bring your notebook.
ham,See you at the office.
ham,Meeting is postponed to tomorrow.
ham,Good morning! How are you?
ham,Happy birthday! Have a great day.
ham,Let's catch up soon.
spam,You have been selected for a free vacation. Call now!
ham,Meeting is postponed to tomorrow.
ham,Lunch at 1 PM?
spam,Congratulations! You've won a $1000 gift card. Click here to claim.
ham,Can you send me the report?
ham,See you at the office.
spam,Get cheap loans now. No credit check required.
ham,"Hey, are we still meeting today?"
ham,Meeting is postponed to tomorrow.
ham,"Hey, are we still meeting today?"
spam,Congratulations! You've won a $1000 gift card. Click here to claim.
ham,Don't forget to bring your notebook.
ham,Good morning! How are you?
ham,Good morning! How are you?
ham,Don't forget to bring your notebook.
ham,Let's catch up soon.
ham,Don't forget to bring your notebook.
ham,See you at the office.
ham,Lunch at 1 PM?
ham,Don't forget to bring your notebook.
spam,Earn money from home. No experience needed.
ham,"Hey, are we still meeting today?"
ham,I'll call you later.
spam,You are a lucky winner! Claim your prize.
spam,Earn money from home. No experience needed.
ham,Let's catch up soon.
ham,Good morning! How are you?
ham,Lunch at 1 PM?
spam,"Your mobile number has won $500,000."
ham,Meeting is postponed to tomorrow.
ham,Let's catch up soon.
ham,Good morning! How are you?
spam,Win a brand new car! Text WIN to 12345.
ham,"Hey, are we still meeting today?"
ham,Can you send me the report?
ham,Meeting is postponed to tomorrow.
ham,Don't forget to bring your notebook.
ham,Happy birthday! Have a great day.
ham,Can you send me the report?
ham,Happy birthday! Have a great day.
ham,Meeting is postponed to tomorrow.
ham,Lunch at 1 PM?
ham,Happy birthday! Have a great day.
ham,Lunch at 1 PM?
ham,I'll call you later.
ham,Don't forget to bring your notebook.
spam,Earn money from home. No experience needed.
ham,Lunch at 1 PM?
spam,Act now! Offer expires soon.
ham,Can you send me the report?
ham,Good morning! How are you?
ham,Let's catch up soon.
ham,I'll call you later.
ham,See you at the office.
ham,Don't forget to bring your notebook.
ham,Can you send me the report?
ham,I'll call you later.
ham,Meeting is postponed to tomorrow.
ham,"Hey, are we still meeting today?"
spam,Act now! Offer expires soon.
ham,Don't forget to bring your notebook.
ham,Good morning! How are you?
ham,Happy birthday! Have a great day.
ham,Don't forget to bring your notebook.
ham,"Hey, are we still meeting today?"
ham,I'll call you later.
ham,Don't forget to bring your notebook.
ham,See you at the office.
ham,Can you send me the report?
ham,Meeting is postponed to tomorrow.
ham,Lunch at 1 PM?
spam,Win a brand new car! Text WIN to 12345.
ham,Happy birthday! Have a great day.
ham,Can you send me the report?
ham,I'll call you later.
spam,You have been selected for a free vacation. Call now!
ham,Let's catch up soon.
ham,Can you send me the report?
ham,Good morning! How are you?
ham,Don't forget to bring your notebook.
spam,You are a lucky winner! Claim your prize.
ham,Can you send me the report?
ham,I'll call you later.
ham,Lunch at 1 PM?
spam,Get cheap loans now. No credit check required.
ham,Don't forget to bring your notebook.
ham,I'll call you later.
ham,Lunch at 1 PM?
ham,Happy birthday! Have a great day.
ham,I'll call you later.
ham,I'll call you later.
ham,Meeting is postponed to tomorrow.
ham,I'll call you later.
ham,Good morning! How are you?
ham,Good morning! How are you?
ham,Good morning! How are you?
ham,Lunch at 1 PM?
ham,"Hey, are we still meeting today?"
ham,Good morning! How are you?
ham,I'll call you later.
ham,Let's catch up soon.
ham,Don't forget to bring your notebook.
ham,Meeting is postponed to tomorrow.
spam,Earn money from home. No experience needed.
ham,Happy birthday! Have a great day.
spam,Act now! Offer expires soon.
ham,"Hey, are we still meeting today?"
spam,URGENT! Your account has been compromised. Reply to secure.
ham,Can you send me the report?
ham,Don't forget to bring your notebook.
ham,See you at the office.
ham,Lunch at 1 PM?
spam,Earn money from home. No experience needed.
ham,Let's catch up soon.
ham,Good morning! How are you?
ham,Can you send me the report?
ham,Happy birthday! Have a great day.
ham,"Hey, are we still meeting today?"
ham,"Hey, are we still meeting today?"
ham,Happy birthday! Have a great day.
ham,I'll call you later.
ham,"Hey, are we still meeting today?"
spam,"Your mobile number has won $500,000."
ham,Let's catch up soon.
spam,Exclusive offer! Buy 1 get 1 free. Limited time only.
ham,Good morning! How are you?
ham,Happy birthday! Have a great day.
ham,Lunch at 1 PM?
ham,Meeting is postponed to tomorrow.
ham,"Hey, are we still meeting today?"
ham,Lunch at 1 PM?
spam,Get cheap loans now. No credit check required.
ham,Can you send me the report?
ham,Can you send me the report?
spam,Get cheap loans now. No credit check required.
spam,URGENT! Your account has been compromised. Reply to secure.
ham,Don't forget to bring your notebook.
ham,Good morning! How are you?
ham,Lunch at 1 PM?
spam,You have been selected for a free vacation. Call now!
ham,Happy birthday! Have a great day.
spam,Win a brand new car! Text WIN to 12345.
ham,See you at the office.
ham,Happy birthday! Have a great day.
ham,Happy birthday! Have a great day.
spam,Congratulations! You've won a $1000 gift card. Click here to claim.
ham,Don't forget to bring your notebook.
spam,You are a lucky winner! Claim your prize.
ham,Good morning! How are you?
ham,"Hey, are we still meeting today?"
ham,I'll call you later.
ham,Happy birthday! Have a great day.
spam,Act now! Offer expires soon.
ham,Lunch at 1 PM?
ham,Don't forget to bring your notebook.
spam,"Your mobile number has won $500,000."
ham,"Hey, are we still meeting today?"
ham,"Hey, are we still meeting today?"
ham,Don't forget to bring your notebook.
ham,Let's catch up soon.
ham,"Hey, are we still meeting today?"
spam,Exclusive offer! Buy 1 get 1 free. Limited time only.
ham,Don't forget to bring your notebook.
ham,"Hey, are we still meeting today?"
ham,Meeting is postponed to tomorrow.
ham,I'll call you later.
ham,Good morning! How are you?
ham,See you at the office.
ham,Happy birthday! Have a great day.
ham,Don't forget to bring your notebook.
ham,"Hey, are we still meeting today?"
ham,Meeting is postponed to tomorrow.
ham,Lunch at 1 PM?
ham,Don't forget to bring your notebook.
ham,Can you send me the report?
ham,I'll call you later.
ham,I'll call you later.
ham,"Hey, are we still meeting today?"
ham,Let's catch up soon.
ham,Don't forget to bring your notebook.
ham,Good morning! How are you?
ham,Let's catch up soon.
ham,Happy birthday! Have a great day.
ham,I'll call you later.
ham,Let's catch up soon.
ham,Lunch at 1 PM?
ham,Meeting is postponed to tomorrow.
ham,Happy birthday! Have a great day.
ham,Happy birthday! Have a great day.
ham,I'll call you later.
spam,You have been selected for a free vacation. Call now!
ham,I'll call you later.
ham,Happy birthday! Have a great day.
ham,I'll call you later.
spam,Exclusive offer! Buy 1 get 1 free. Limited time only.
ham,Meeting is postponed to tomorrow.
ham,Don't forget to bring your notebook.
ham,Meeting is postponed to tomorrow.
ham,Can you send me the report?
ham,Lunch at 1 PM?
ham,Don't forget to bring your notebook.
ham,See you at the office.
ham,See you at the office.
ham,"Hey, are we still meeting today?"
ham,See you at the office.
ham,Happy birthday! Have a great day.
ham,See you at the office.
ham,Happy birthday! Have a great day.
ham,Meeting is postponed to tomorrow.
spam,URGENT! Your account has been compromised. Reply to secure.
spam,"Your mobile number has won $500,000."
ham,I'll call you later.
ham,Can you send me the report?
ham,I'll call you later.
ham,Meeting is postponed to tomorrow.
ham,Can you send me the report?
spam,"Your mobile number has won $500,000."
ham,See you at the office.
ham,Can you send me the report?
ham,Lunch at 1 PM?
spam,Exclusive offer! Buy 1 get 1 free. Limited time only.
ham,Lunch at 1 PM?
ham,Happy birthday! Have a great day.
ham,I'll call you later.
ham,Lunch at 1 PM?
ham,See you at the office.
spam,You are a lucky winner! Claim your prize.
ham,I'll call you later.
ham,"Hey, are we still meeting today?"
ham,Good morning! How are you?
ham,Can you send me the report?
ham,Meeting is postponed to tomorrow.
ham,Don't forget to bring your notebook.
ham,See you at the office.
ham,Lunch at 1 PM?
spam,"Your mobile number has won $500,000."
spam,Earn money from home. No experience needed.
spam,Win a brand new car! Text WIN to 12345.
ham,Can you send me the report?
ham,See you at the office.
ham,Let's catch up soon.
spam,Get cheap loans now. No credit check required.
ham,Good morning! How are you?
ham,"Hey, are we still meeting today?"
ham,Can you send me the report?
ham,I'll call you later.
ham,Let's catch up soon.
ham,"Hey, are we still meeting today?"
spam,Congratulations! You've won a $1000 gift card. Click here to claim.
ham,Can you send me the report?
ham,Can you send me the report?
ham,Lunch at 1 PM?
ham,Don't forget to bring your notebook.
ham,Happy birthday! Have a great day.
ham,Let's catch up soon.
ham,I'll call you later.
spam,"Your mobile number has won $500,000."
spam,Win a brand new car! Text WIN to 12345.
spam,URGENT! Your account has been compromised. Reply to secure.
spam,Win a brand new car! Text WIN to 12345.
ham,Let's catch up soon.
spam,URGENT! Your account has been compromised. Reply to secure.
ham,Good morning! How are you?
ham,Don't forget to bring your notebook.
ham,Don't forget to bring your notebook.
ham,"Hey, are we still meeting today?"
ham,Can you send me the report?
ham,I'll call you later.
ham,Meeting is postponed to tomorrow.
ham,"Hey, are we still meeting today?"
spam,Congratulations! You've won a $1000 gift card. Click here to claim.
ham,Happy birthday! Have a great day.
spam,"Your mobile number has won $500,000."
ham,Good morning! How are you?
ham,Good morning! How are you?
spam,Exclusive offer! Buy 1 get 1 free. Limited time only.
ham,Meeting is postponed to tomorrow.
ham,Don't forget to bring your notebook.
ham,Lunch at 1 PM?
ham,Don't forget to bring your notebook.
ham,I'll call you later.
ham,Happy birthday! Have a great day.
spam,You have been selected for a free vacation. Call now!
ham,Lunch at 1 PM?
ham,Don't forget to bring your notebook.
ham,Can you send me the report?
ham,"Hey, are we still meeting today?"
ham,"Hey, are we still meeting today?"
ham,I'll call you later.
ham,Meeting is postponed to tomorrow.
spam,You have been selected for a free vacation. Call now!
ham,Can you send me the report?
ham,I'll call you later.
ham,Good morning! How are you?
ham,"Hey, are we still meeting today?"
ham,"Hey, are we still meeting today?"
ham,Lunch at 1 PM?
ham,Don't forget to bring your notebook.
ham,Don't forget to bring your notebook.
ham,Happy birthday! Have a great day.
spam,Congratulations! You've won a $1000 gift card. Click here to claim.
ham,I'll call you later.
ham,Lunch at 1 PM?
ham,Let's catch up soon.
ham,Happy birthday! Have a great day.
spam,Earn money from home. No experience needed.
ham,"Hey, are we still meeting today?"
ham,Happy birthday! Have a great day.
ham,Lunch at 1 PM?
spam,Earn money from home. No experience needed.
ham,Lunch at 1 PM?
ham,Meeting is postponed to tomorrow.
ham,Lunch at 1 PM?
ham,Meeting is postponed to tomorrow.
ham,I'll call you later.
spam,Act now! Offer expires soon.
ham,I'll call you later.
spam,Get cheap loans now. No credit check required.
spam,You have been selected for a free vacation. Call now!
spam,"Your mobile number has won $500,000."
ham,Let's catch up soon.
spam,Win a brand new car! Text WIN to 12345.
ham,Good morning! How are you?
ham,Don't forget to bring your notebook.
spam,Congratulations! You've won a $1000 gift card. Click here to claim.
ham,See you at the office.
ham,Happy birthday! Have a great day.
ham,I'll call you later.
ham,Don't forget to bring your notebook.
ham,I'll call you later.
ham,Meeting is postponed to tomorrow.
ham,"Hey, are we still meeting today?"
ham,Can you send me the report?
ham,Meeting is postponed to tomorrow.
ham,Good morning! How are you?
ham,I'll call you later.
spam,You have been selected for a free vacation. Call now!
ham,See you at the office.
ham,See you at the office.
ham,Let's catch up soon.
ham,I'll call you later.
ham,Meeting is postponed to tomorrow.
ham,I'll call you later.
ham,Happy birthday! Have a great day.
ham,Meeting is postponed to tomorrow.
spam,Earn money from home. No experience needed.
ham,Can you send me the report?
ham,Happy birthday! Have a great day.
ham,Don't forget to bring your notebook.
ham,I'll call you later.
ham,Can you send me the report?
ham,Don't forget to bring your notebook.
ham,"Hey, are we still meeting today?"
ham,Good morning! How are you?
ham,Happy birthday! Have a great day.
ham,Good morning! How are you?
ham,Meeting is postponed to tomorrow.
ham,See you at the office.
ham,Can you send me the report?
ham,I'll call you later.
spam,You are a lucky winner! Claim your prize.
ham,"Hey, are we still meeting today?"
ham,Can you send me the report?
ham,Let's catch up soon.
ham,Let's catch up soon.
ham,Can you send me the report?
ham,"Hey, are we still meeting today?"
ham,Lunch at 1 PM?
ham,Good morning! How are you?
ham,Meeting is postponed to tomorrow.
spam,Act now! Offer expires soon.
spam,Earn money from home. No experience needed.
ham,I'll call you later.
spam,Congratulations! You've won a $1000 gift card. Click here to claim.
ham,I'll call you later.
ham,I'll call you later.
ham,Good morning! How are you?
spam,Act now! Offer expires soon.
ham,Happy birthday! Have a great day.
ham,Lunch at 1 PM?
ham,Let's catch up soon.
ham,Let's catch up soon.
spam,"Your mobile number has won $500,000."
ham,Happy birthday! Have a great day.
spam,You have been selected for a free vacation. Call now!
ham,Lunch at 1 PM?
ham,I'll call you later.
ham,Don't forget to bring your notebook.
ham,Happy birthday! Have a great day.
spam,You are a lucky winner! Claim your prize.
ham,"Hey, are we still meeting today?"
ham,Good morning! How are you?
ham,"Hey, are we still meeting today?"
ham,Happy birthday! Have a great day.
ham,Can you send me the report?
ham,I'll call you later.
ham,Can you send me the report?
ham,Good morning! How are you?
ham,Happy birthday! Have a great day.
spam,URGENT! Your account has been compromised. Reply to secure.
spam,URGENT! Your account has been compromised. Reply to secure.
ham,"Hey, are we still meeting today?"
ham,"Hey, are we still meeting today?"
ham,Let's catch up soon.
ham,"Hey, are we still meeting today?"
ham,Let's catch up soon.
ham,Happy birthday! Have a great day.
spam,"Your mobile number has won $500,000."
ham,Good morning! How are you?
spam,Exclusive offer! Buy 1 get 1 free. Limited time only.
ham,Meeting is postponed to tomorrow.
ham,Can you send me the report?
spam,You are a lucky winner! Claim your prize.
ham,Can you send me the report?
spam,You are a lucky winner! Claim your prize.
ham,Lunch at 1 PM?
spam,Act now! Offer expires soon.
spam,Congratulations! You've won a $1000 gift card. Click here to claim.
spam,Get cheap loans now. No credit check required.
ham,Good morning! How are you?
ham,Happy birthday! Have a great day.
ham,I'll call you later.
ham,I'll call you later.
ham,I'll call you later.
ham,Let's catch up soon.
ham,Lunch at 1 PM?
ham,"Hey, are we still meeting today?"
ham,I'll call you later.
spam,URGENT! Your account has been compromised. Reply to secure.
ham,Lunch at 1 PM?
ham,Don't forget to bring your notebook.
ham,Good morning! How are you?
ham,Good morning! How are you?
ham,"Hey, are we still meeting today?"
ham,Let's catch up soon.
ham,Happy birthday! Have a great day.
ham,Can you send me the report?
ham,See you at the office.
spam,Exclusive offer! Buy 1 get 1 free. Limited time only.
spam,Earn money from home. No experience needed.
ham,Don't forget to bring your notebook.
ham,"Hey, are we still meeting today?"
spam,Exclusive offer! Buy 1 get 1 free. Limited time only.
ham,Can you send me the report?
ham,Good morning! How are you?
spam,URGENT! Your account has been compromised. Reply to secure.
ham,Meeting is postponed to tomorrow.
ham,Good morning! How are you?
ham,Don't forget to bring your notebook.
ham,Happy birthday! Have a great day.
ham,Don't forget to bring your notebook.
spam,URGENT! Your account has been compromised. Reply to secure.
ham,Happy birthday! Have a great day.
ham,Meeting is postponed to tomorrow.
spam,Act now! Offer expires soon.
ham,Don't forget to bring your notebook.
ham,Happy birthday! Have a great day.
ham,I'll call you later.
ham,Let's catch up soon.
ham,See you at the office.
spam,Act now! Offer expires soon.
ham,Let's catch up soon.
ham,I'll call you later.
spam,Get cheap loans now. No credit check required.
ham,I'll call you later.
spam,Act now! Offer expires soon.
ham,See you at the office.
ham,See you at the office.
ham,Meeting is postponed to tomorrow.
ham,See you at the office.
spam,You have been selected for a free vacation. Call now!
spam,"Your mobile number has won $500,000."
ham,Good morning! How are you?
spam,Exclusive offer! Buy 1 get 1 free. Limited time only.
ham,Meeting is postponed to tomorrow.
spam,Get cheap loans now. No credit check required.
spam,"Your mobile number has won $500,000."
ham,Can you send me the report?
ham,Lunch at 1 PM?
spam,"Your mobile number has won $500,000."
ham,Meeting is postponed to tomorrow.
ham,Lunch at 1 PM?
ham,I'll call you later.
ham,"Hey, are we still meeting today?"
spam,URGENT! Your account has been compromised. Reply to secure.
ham,See you at the office.
spam,You are a lucky winner! Claim your prize.
ham,Lunch at 1 PM?
ham,Don't forget to bring your notebook.
ham,Meeting is postponed to tomorrow.
ham,I'll call you later.
ham,"Hey, are we still meeting today?"
spam,You have been selected for a free vacation. Call now!
spam,Get cheap loans now. No credit check required.
ham,Meeting is postponed to tomorrow.
spam,Get cheap loans now. No credit check required.
ham,Lunch at 1 PM?
ham,Meeting is postponed to tomorrow.
spam,URGENT! Your account has been compromised. Reply to secure.
ham,Happy birthday! Have a great day.
ham,Can you send me the report?
ham,Can you send me the report?
ham,Meeting is postponed to tomorrow.
ham,Don't forget to bring your notebook.
spam,URGENT! Your account has been compromised. Reply to secure.
ham,Happy birthday! Have a great day.
ham,Meeting is postponed to tomorrow.
ham,Don't forget to bring your notebook.
spam,URGENT! Your account has been compromised. Reply to secure.
ham,Meeting is postponed to tomorrow.
ham,Meeting is postponed to tomorrow.
spam,Congratulations! You've won a $1000 gift card. Click here to claim.
ham,Meeting is postponed to tomorrow.
ham,Meeting is postponed to tomorrow.
ham,Meeting is postponed to tomorrow.
ham,I'll call you later.
ham,Lunch at 1 PM?
ham,Can you send me the report?
spam,You are a lucky winner! Claim your prize.
spam,Exclusive offer! Buy 1 get 1 free. Limited time only.
ham,Meeting is postponed to tomorrow.
ham,Don't forget to bring your notebook.
ham,Meeting is postponed to tomorrow.
ham,Meeting is postponed to tomorrow.
ham,Don't forget to bring your notebook.
spam,Earn money from home. No experience needed.
ham,See you at the office.
ham,Can you send me the report?
ham,See you at the office.
spam,URGENT! Your account has been compromised. Reply to secure.
ham,I'll call you later.
spam,Get cheap loans now. No credit check required.
ham,Meeting is postponed to tomorrow.
spam,Congratulations! You've won a $1000 gift card. Click here to claim.
ham,I'll call you later.
ham,See you at the office.
spam,Congratulations! You've won a $1000 gift card. Click here to claim.
ham,Can you send me the report?
ham,I'll call you later.
ham,I'll call you later.
ham,Meeting is postponed to tomorrow.
ham,Lunch at 1 PM?
ham,I'll call you later.
ham,Can you send me the report?
ham,I'll call you later.
ham,Lunch at 1 PM?
ham,Lunch at 1 PM?
ham,See you at the office.
ham,Good morning! How are you?
ham,Can you send me the report?
ham,Can you send me the report?
ham,See you at the office.
ham,Happy birthday! Have a great day.
spam,You have been selected for a free vacation. Call now!
ham,Don't forget to bring your notebook.
spam,You have been selected for a free vacation. Call now!
ham,Good morning! How are you?
ham,Meeting is postponed to tomorrow.
ham,Lunch at 1 PM?
spam,URGENT! Your account has been compromised. Reply to secure.
spam,Earn money from home. No experience needed.
ham,See you at the office.
ham,Can you send me the report?
ham,Meeting is postponed to tomorrow.
ham,Lunch at 1 PM?
ham,I'll call you later.
ham,Happy birthday! Have a great day.
ham,Let's catch up soon.
ham,I'll call you later.
ham,"Hey, are we still meeting today?"
ham,Can you send me the report?
ham,Good morning! How are you?
spam,URGENT! Your account has been compromised. Reply to secure.
ham,Lunch at 1 PM?
ham,Don't forget to bring your notebook.
ham,See you at the office.
ham,Can you send me the report?
ham,Meeting is postponed to tomorrow.
ham,Good morning! How are you?
spam,Congratulations! You've won a $1000 gift card. Click here to claim.
ham,Lunch at 1 PM?
ham,"Hey, are we still meeting today?"
ham,Happy birthday! Have a great day.
ham,Meeting is postponed to tomorrow.
ham,See you at the office.
ham,Happy birthday! Have a great day.
ham,Happy birthday! Have a great day.
ham,"Hey, are we still meeting today?"
ham,"Hey, are we still meeting today?"
ham,Good morning! How are you?
ham,Happy birthday! Have a great day.
ham,Can you send me the report?
ham,I'll call you later.
ham,Lunch at 1 PM?
ham,Can you send me the report?
spam,Get cheap loans now. No credit check required.
ham,"Hey, are we still meeting today?"
ham,Happy birthday! Have a great day.
spam,Act now! Offer expires soon.
spam,Act now! Offer expires soon.
ham,Good morning! How are you?
ham,Let's catch up soon.
ham,Let's catch up soon.
spam,Win a brand new car! Text WIN to 12345.
ham,Lunch at 1 PM?
ham,Don't forget to bring your notebook.
spam,You are a lucky winner! Claim your prize.
ham,Meeting is postponed to tomorrow.
ham,I'll call you later.
ham,"Hey, are we still meeting today?"
ham,Don't forget to bring your notebook.
ham,"Hey, are we still meeting today?"
ham,I'll call you later.
ham,Can you send me the report?
spam,You have been selected for a free vacation. Call now!
ham,Good morning! How are you?
spam,Act now! Offer expires soon.
ham,See you at the office.
ham,Lunch at 1 PM?
ham,Let's catch up soon.
ham,Don't forget to bring your notebook.
spam,You are a lucky winner! Claim your prize.
spam,You are a lucky winner! Claim your prize.
ham,Lunch at 1 PM?
ham,Don't forget to bring your notebook.
ham,Let's catch up soon.
spam,URGENT! Your account has been compromised. Reply to secure.
ham,See you at the office.
ham,Can you send me the report?
ham,Lunch at 1 PM?
ham,Can you send me the report?
spam,Earn money from home. No experience needed.
ham,"Hey, are we still meeting today?"
ham,I'll call you later.
spam,"Your mobile number has won $500,000."
ham,Let's catch up soon.
ham,Happy birthday! Have a great day.
spam,Earn money from home. No experience needed.
ham,Don't forget to bring your notebook.
ham,Happy birthday! Have a great day.
spam,"Your mobile number has won $500,000."
spam,You have been selected for a free vacation. Call now!
ham,Meeting is postponed to tomorrow.
ham,Can you send me the report?
ham,I'll call you later.
ham,See you at the office.
ham,Let's catch up soon.
spam,Exclusive offer! Buy 1 get 1 free. Limited time only.
ham,Lunch at 1 PM?
ham,I'll call you later.
ham,"Hey, are we still meeting today?"
spam,Exclusive offer! Buy 1 get 1 free. Limited time only.
ham,I'll call you later.
ham,I'll call you later.
spam,Earn money from home. No experience needed.
ham,I'll call you later.
ham,I'll call you later.
ham,Let's catch up soon.
ham,Meeting is postponed to tomorrow.
ham,See you at the office.
spam,You are a lucky winner! Claim your prize.
ham,"Hey, are we still meeting today?"
ham,See you at the office.
ham,Lunch at 1 PM?
ham,Meeting is postponed to tomorrow.
ham,Good morning! How are you?
ham,Don't forget to bring your notebook.
ham,Let's catch up soon.
ham,Let's catch up soon.
spam,You have been selected for a free vacation. Call now!
ham,See you at the office.
ham,Let's catch up soon.
spam,You are a lucky winner! Claim your prize.
ham,Let's catch up soon.
ham,Happy birthday! Have a great day.
spam,URGENT! Your account has been compromised. Reply to secure.
spam,Act now! Offer expires soon.
spam,You have been selected for a free vacation. Call now!
ham,Lunch at 1 PM?
ham,Happy birthday! Have a great day.
ham,Good morning! How are you?
spam,Earn money from home. No experience needed.
ham,Meeting is postponed to tomorrow.
ham,Happy birthday! Have a great day.
ham,See you at the office.
ham,See you at the office.
ham,"Hey, are we still meeting today?"
ham,Happy birthday! Have a great day.
ham,Let's catch up soon.
spam,Congratulations! You've won a $1000 gift card. Click here to claim.
ham,Meeting is postponed to tomorrow.
ham,Happy birthday! Have a great day.
ham,Let's catch up soon.
ham,Happy birthday! Have a great day.
ham,Meeting is postponed to tomorrow.
spam,You have been selected for a free vacation. Call now!
ham,Happy birthday! Have a great day.
ham,See you at the office.
ham,Meeting is postponed to tomorrow.
ham,I'll call you later.
ham,Can you send me the report?
ham,See you at the office.
ham,Meeting is postponed to tomorrow.
ham,Let's catch up soon.
ham,"Hey, are we still meeting today?"
spam,Congratulations! You've won a $1000 gift card. Click here to claim.
ham,"Hey, are we still meeting today?"
ham,I'll call you later.
ham,I'll call you later.
spam,Get cheap loans now. No credit check required.
ham,Good morning! How are you?
ham,Happy birthday! Have a great day.
ham,Lunch at 1 PM?
ham,Happy birthday! Have a great day.
ham,Happy birthday! Have a great day.
ham,Good morning! How are you?
ham,Lunch at 1 PM?
ham,Good morning! How are you?
ham,"Hey, are we still meeting today?"
ham,Good morning! How are you?
ham,See you at the office.
ham,See you at the office.
ham,Lunch at 1 PM?
spam,Win a brand new car! Text WIN to 12345.
ham,Meeting is postponed to tomorrow.
ham,Can you send me the report?
ham,Lunch at 1 PM?
spam,Earn money from home. No experience needed.
ham,Let's catch up soon.
ham,Meeting is postponed to tomorrow.
ham,Meeting is postponed to tomorrow.
ham,I'll call you later.
ham,Can you send me the report?
ham,Can you send me the report?
ham,Good morning! How are you?
ham,"Hey, are we still meeting today?"
ham,Good morning! How are you?
ham,Can you send me the report?
ham,I'll call you later.
spam,"Your mobile number has won $500,000."
ham,"Hey, are we still meeting today?"
ham,Good morning! How are you?
spam,Win a brand new car! Text WIN to 12345.
ham,See you at the office.
ham,"Hey, are we still meeting today?"
ham,Meeting is postponed to tomorrow.
ham,Meeting is postponed to tomorrow.
ham,Lunch at 1 PM?
spam,Earn money from home. No experience needed.
ham,I'll call you later.
ham,Lunch at 1 PM?
ham,Meeting is postponed to tomorrow.
ham,Happy birthday! Have a great day.
ham,See you at the office.
spam,URGENT! Your account has been compromised. Reply to secure.
spam,Exclusive offer! Buy 1 get 1 free. Limited time only.
spam,URGENT! Your account has been compromised. Reply to secure.
ham,Let's catch up soon.
ham,Can you send me the report?
ham,I'll call you later.
ham,"Hey, are we still meeting today?"
spam,You are a lucky winner! Claim your prize.
ham,Happy birthday! Have a great day.
ham,Let's catch up soon.
ham,I'll call you later.
ham,I'll call you later.
spam,Get cheap loans now. No credit check required.
ham,Meeting is postponed to tomorrow.
spam,Earn money from home. No experience needed.
ham,Lunch at 1 PM?
ham,Lunch at 1 PM?
ham,Don't forget to bring your notebook.
spam,URGENT! Your account has been compromised. Reply to secure.
ham,Let's catch up soon.
ham,Happy birthday! Have a great day.
ham,Let's catch up soon.
ham,Lunch at 1 PM?
spam,Earn money from home. No experience needed.
ham,Can you send me the report?
spam,"Your mobile number has won $500,000."
ham,I'll call you later.
ham,Let's catch up soon.
ham,Happy birthday! Have a great day.
ham,Don't forget to bring your notebook.
ham,Let's catch up soon.
ham,Lunch at 1 PM?
ham,"Hey, are we still meeting today?"
ham,I'll call you later.
ham,Good morning! How are you?
ham,I'll call you later.
spam,Exclusive offer! Buy 1 get 1 free. Limited time only.
ham,Lunch at 1 PM?
ham,Let's catch up soon.
ham,Happy birthday! Have a great day.
ham,Lunch at 1 PM?
ham,Meeting is postponed to tomorrow.
ham,Let's catch up soon.
ham,I'll call you later.
ham,Good morning! How are you?
ham,Meeting is postponed to tomorrow.
ham,Can you send me the report?
ham,Let's catch up soon.
ham,Can you send me the report?
ham,I'll call you later.
ham,Can you send me the report?
ham,Good morning! How are you?
ham,Happy birthday! Have a great day.
ham,Can you send me the report?
ham,Can you send me the report?
ham,Good morning! How are you?
ham,Lunch at 1 PM?
ham,Don't forget to bring your notebook.
ham,Meeting is postponed to tomorrow.
ham,Let's catch up soon.
ham,Meeting is postponed to tomorrow.
ham,I'll call you later.
ham,Good morning! How are you?
ham,Meeting is postponed to tomorrow.
ham,Don't forget to bring your notebook.
ham,See you at the office.
ham,Good morning! How are you?
ham,Let's catch up soon.
spam,Congratulations! You've won a $1000 gift card. Click here to claim.
ham,Meeting is postponed to tomorrow.
ham,Happy birthday! Have a great day.
ham,Don't forget to bring your notebook.
ham,I'll call you later.
ham,Good morning! How are you?
ham,Don't forget to bring your notebook.
ham,"Hey, are we still meeting today?"
ham,Happy birthday! Have a great day.
spam,Earn money from home. No experience needed.
ham,Can you send me the report?
ham,See you at the office.
ham,Let's catch up soon.
spam,Get cheap loans now. No credit check required.
ham,"Hey, are we still meeting today?"
ham,See you at the office.
ham,Don't forget to bring your notebook.
ham,Let's catch up soon.
spam,"Your mobile number has won $500,000."
ham,I'll call you later.
spam,Win a brand new car! Text WIN to 12345.
spam,Congratulations! You've won a $1000 gift card. Click here to claim.
ham,"Hey, are we still meeting today?"
ham,Can you send me the report?
ham,"Hey, are we still meeting today?"
spam,URGENT! Your account has been compromised. Reply to secure.
ham,Good morning! How are you?
ham,Happy birthday! Have a great day.
spam,Congratulations! You've won a $1000 gift card. Click here to claim.
ham,Happy birthday! Have a great day.
ham,Don't forget to bring your notebook.
ham,Can you send me the report?
ham,Meeting is postponed to tomorrow.
ham,I'll call you later.
ham,Meeting is postponed to tomorrow.
ham,Don't forget to bring your notebook.
spam,Congratulations! You've won a $1000 gift card. Click here to claim.
ham,Don't forget to bring your notebook.
ham,Let's catch up soon.
ham,Good morning! How are you?
ham,Happy birthday! Have a great day.
ham,Happy birthday! Have a great day.
ham,Meeting is postponed to tomorrow.
ham,Lunch at 1 PM?
ham,Happy birthday! Have a great day.
ham,Happy birthday! Have a great day.
ham,Meeting is postponed to tomorrow.
spam,Congratulations! You've won a $1000 gift card. Click here to claim.
ham,Lunch at 1 PM?
ham,Can you send me the report?
ham,See you at the office.
ham,Meeting is postponed to tomorrow.
ham,Let's catch up soon.
ham,Happy birthday! Have a great day.
spam,You have been selected for a free vacation. Call now!
ham,Can you send me the report?
ham,Can you send me the report?
spam,URGENT! Your account has been compromised. Reply to secure.
spam,"Your mobile number has won $500,000."
ham,Can you send me the report?
spam,Earn money from home. No experience needed.
ham,Don't forget to bring your notebook.
ham,Good morning! How are you?
ham,Let's catch up soon.
ham,Can you send me the report?
ham,Can you send me the report?
ham,Lunch at 1 PM?
ham,Lunch at 1 PM?
ham,Happy birthday! Have a great day.
ham,Lunch at 1 PM?
ham,Meeting is postponed to tomorrow.
spam,Win a brand new car! Text WIN to 12345.
ham,Meeting is postponed to tomorrow.
ham,Happy birthday! Have a great day.
ham,I'll call you later.
ham,Can you send me the report?
spam,Exclusive offer! Buy 1 get 1 free. Limited time only.
ham,See you at the office.
ham,Lunch at 1 PM?
ham,See you at the office.
